Workbook

Sheet Config
A1: Papel | B1: Pontos | D1: Tamanho | E1: Pontos | G1: Setor | H1: Pontos | J1: Trava | K1: Pontos | L1: Problema | N1: Condição | O1: Pontos | Q1: Origem | R1: Pontos | T1: Tier | U1: Min | V1: Ação | W1: Cadência (Dias)
A2: Dono ou sócio | B2: 40 | D2: 5 a 20 | E2: 30 | G2: Tecnologia | H2: 15 | J2: Conhecem, mas escolhem o concorrente mais barato | K2: 15 | L2: Reconhecimento | N2: Preenchido com 3 palavras ou mais | O2: 10 | Q2: indicacao | R2: 10 | T2: A | U2: 85 | V2: Toque privado personalizado, ancorado na trava declarada | W2: 14
A3: CEO ou diretor | B3: 30 | D3: Mais de 20 | E3: 20 | G3: Indústria | H3: 15 | J3: Vendemos, mas depende de mim estar na sala | K3: 12 | L3: Receita | N3: Vazio ou menos de 3 palavras | O3: 0 | Q3: pipe | R3: 10 | T3: B | U3: 60 | V3: Fica na base. Toque só quando uma edição bater exatamente na trava dele | W3: 21
A4: Gestão ou coordenação | B4: 0 | D4: 2 a 4 | E4: 10 | G4: Franquia | H4: 15 | J4: Pouca gente conhece a marca | K4: 10 | L4: Alcance | Q4: evento | R4: 8 | T4: C | U4: 0 | V4: Só conteúdo. Sem toque comercial | W4: 9999
A5: Outro | B5: 0 | D5: Só eu | E5: 0 | G5: Serviço B2B | H5: 15 | J5: O time não fala a mesma língua da marca | K5: 8 | L5: Cultura | Q5: linkedin | R5: 5
G6: Produto ou varejo premium | H6: 15 | Q6: instagram | R6: 3
G7: Outro | H7: 5 | Q7: direto | R7: 3

Sheet Respostas
A1: timestamp | B1: nome | C1: empresa | D1: whatsapp | E1: papel | F1: tamanho_time | G1: setor | H1: setor_outro | I1: trava | J1: noventa_dias | K1: origem
A2: 26/08/2026 15:00:00 | B2: Carlos Silva | C2: Tech Solutions | D2: (11) 99999-1111 | E2: Dono ou sócio | F2: 5 a 20 | G2: Tecnologia | I2: Conhecem, mas escolhem o concorrente mais barato | J2: Quero estruturar meu posicionamento e atrair clientes maiores. | K2: indicacao
A3: 26/08/2026 15:05:00 | B3: Ana Sousa | C3: Indústria Alfa | D3: (11) 99999-2222 | E3: CEO ou diretor | F3: Mais de 20 | G3: Indústria | I3: Conhecem, mas escolhem o concorrente mais barato | J3: Melhorar a percepção de valor dos nossos produtos. | K3: evento
A4: 26/08/2026 15:10:00 | B4: Roberto Lima | C4: Lima Consultoria | D4: (11) 99999-3333 | E4: Dono ou sócio | F4: 2 a 4 | G4: Tecnologia | I4: Pouca gente conhece a marca | K4: instagram
A5: 26/08/2026 15:15:00 | B5: Juliana Costa | C5: Juliana Solo | D5: (11) 99999-4444 | E5: Dono ou sócio | F5: Só eu | G5: Outro | H5: Artesanato Premium | I5: O time não fala a mesma língua da marca | K5: instagram
A6: 26/08/2026 15:20:00 | B6: Marcos Oliveira | C6: Metalúrgica Beta | D6: (11) 99999-5555 | E6: Gestão ou coordenação | F6: 5 a 20 | G6: Indústria | I6: Conhecem, mas escolhem o concorrente mais barato | J6: Aumentar leads qualificados | K6: indicacao
A7: 26/08/2026 15:25:00 | B7: Marcos Oliveira (Respondeu) | C7: Metalúrgica Beta | D7: (11) 99999-5555 | E7: Gestão ou coordenação | F7: 5 a 20 | G7: Indústria | I7: Conhecem, mas escolhem o concorrente mais barato | J7: Aumentar leads qualificados | K7: indicacao

Sheet Base
A1: nome | B1: empresa | C1: whatsapp | D1: papel | E1: tamanho_time | F1: setor | G1: problema | H1: pontuacao | I1: tier_calculado | J1: tier_manual | K1: tier_final | L1: jornada_pessoal | M1: respondeu | N1: prioridade | O1: acao | P1: origem | Q1: data_entrada | R1: ultimo_toque | S1: proximo_toque | T1: notas
A2: =Respostas!B2 | B2: =Respostas!C2 | C2: =Respostas!D2 | D2: =Respostas!E2 | E2: =Respostas!F2 | F2: =IF(Respostas!G2="Outro", CONCATENATE("Outro (", Respostas!H2, ")"), Respostas!G2) | G2: =IFERROR(VLOOKUP(Respostas!I2, Config!$J$2:$L$5, 3, FALSE), "") | H2: =IFERROR(VLOOKUP(D2, Config!$A$2:$B$5, 2, FALSE), 0) + IFERROR(VLOOKUP(E2, Config!$D$2:$E$5, 2, FALSE), 0) + IFERROR(VLOOKUP(Respostas!G2, Config!$G$2:$H$7, 2, FALSE), 5) + IFERROR(VLOOKUP(Respostas!I2, Config!$J$2:$K$5, 2, FALSE), 0) + IF(LEN(TRIM(Respostas!J2))=0, 0, IF((LEN(TRIM(Respostas!J2))-LEN(SUBSTITUTE(TRIM(Respostas!J2)," ","")))+1>=3, 10, 0)) + IFERROR(VLOOKUP(P2, Config!$Q$2:$R$7, 2, FALSE), 3) | I2: =IF(OR(D2="Gestão ou coordenação", D2="Outro"), "C", IF(H2>=Config!$U$2, "A", IF(H2>=Config!$U$3, "B", "C"))) | K2: =IF(NOT(ISBLANK(J2)), J2, IF(M2="SIM", IF(I2="C", "B", "A"), I2)) | L2: =AND(E2="Só eu", D2="Dono ou sócio") | M2: NÃO | N2: =AND(K2="A", M2="SIM") | O2: =IFERROR(VLOOKUP(K2, Config!$T$2:$W$4, 3, FALSE), "") | P2: =Respostas!K2 | Q2: =Respostas!A2 | S2: =IF(OR(ISBLANK(R2), K2="C"), "", R2 + VLOOKUP(K2, Config!$T$2:$W$4, 4, FALSE)) | T2: =Respostas!J2
A3: =Respostas!B3 | B3: =Respostas!C3 | C3: =Respostas!D3 | D3: =Respostas!E3 | E3: =Respostas!F3 | F3: =IF(Respostas!G3="Outro", CONCATENATE("Outro (", Respostas!H3, ")"), Respostas!G3) | G3: =IFERROR(VLOOKUP(Respostas!I3, Config!$J$2:$L$5, 3, FALSE), "") | H3: =IFERROR(VLOOKUP(D3, Config!$A$2:$B$5, 2, FALSE), 0) + IFERROR(VLOOKUP(E3, Config!$D$2:$E$5, 2, FALSE), 0) + IFERROR(VLOOKUP(Respostas!G3, Config!$G$2:$H$7, 2, FALSE), 5) + IFERROR(VLOOKUP(Respostas!I3, Config!$J$2:$K$5, 2, FALSE), 0) + IF(LEN(TRIM(Respostas!J3))=0, 0, IF((LEN(TRIM(Respostas!J3))-LEN(SUBSTITUTE(TRIM(Respostas!J3)," ","")))+1>=3, 10, 0)) + IFERROR(VLOOKUP(P3, Config!$Q$2:$R$7, 2, FALSE), 3) | I3: =IF(OR(D3="Gestão ou coordenação", D3="Outro"), "C", IF(H3>=Config!$U$2, "A", IF(H3>=Config!$U$3, "B", "C"))) | K3: =IF(NOT(ISBLANK(J3)), J3, IF(M3="SIM", IF(I3="C", "B", "A"), I3)) | L3: =AND(E3="Só eu", D3="Dono ou sócio") | M3: NÃO | N3: =AND(K3="A", M3="SIM") | O3: =IFERROR(VLOOKUP(K3, Config!$T$2:$W$4, 3, FALSE), "") | P3: =Respostas!K3 | Q3: =Respostas!A3 | S3: =IF(OR(ISBLANK(R3), K3="C"), "", R3 + VLOOKUP(K3, Config!$T$2:$W$4, 4, FALSE)) | T3: =Respostas!J3
A4: =Respostas!B4 | B4: =Respostas!C4 | C4: =Respostas!D4 | D4: =Respostas!E4 | E4: =Respostas!F4 | F4: =IF(Respostas!G4="Outro", CONCATENATE("Outro (", Respostas!H4, ")"), Respostas!G4) | G4: =IFERROR(VLOOKUP(Respostas!I4, Config!$J$2:$L$5, 3, FALSE), "") | H4: =IFERROR(VLOOKUP(D4, Config!$A$2:$B$5, 2, FALSE), 0) + IFERROR(VLOOKUP(E4, Config!$D$2:$E$5, 2, FALSE), 0) + IFERROR(VLOOKUP(Respostas!G4, Config!$G$2:$H$7, 2, FALSE), 5) + IFERROR(VLOOKUP(Respostas!I4, Config!$J$2:$K$5, 2, FALSE), 0) + IF(LEN(TRIM(Respostas!J4))=0, 0, IF((LEN(TRIM(Respostas!J4))-LEN(SUBSTITUTE(TRIM(Respostas!J4)," ","")))+1>=3, 10, 0)) + IFERROR(VLOOKUP(P4, Config!$Q$2:$R$7, 2, FALSE), 3) | I4: =IF(OR(D4="Gestão ou coordenação", D4="Outro"), "C", IF(H4>=Config!$U$2, "A", IF(H4>=Config!$U$3, "B", "C"))) | K4: =IF(NOT(ISBLANK(J4)), J4, IF(M4="SIM", IF(I4="C", "B", "A"), I4)) | L4: =AND(E4="Só eu", D4="Dono ou sócio") | M4: NÃO | N4: =AND(K4="A", M4="SIM") | O4: =IFERROR(VLOOKUP(K4, Config!$T$2:$W$4, 3, FALSE), "") | P4: =Respostas!K4 | Q4: =Respostas!A4 | S4: =IF(OR(ISBLANK(R4), K4="C"), "", R4 + VLOOKUP(K4, Config!$T$2:$W$4, 4, FALSE)) | T4: =Respostas!J4
A5: =Respostas!B5 | B5: =Respostas!C5 | C5: =Respostas!D5 | D5: =Respostas!E5 | E5: =Respostas!F5 | F5: =IF(Respostas!G5="Outro", CONCATENATE("Outro (", Respostas!H5, ")"), Respostas!G5) | G5: =IFERROR(VLOOKUP(Respostas!I5, Config!$J$2:$L$5, 3, FALSE), "") | H5: =IFERROR(VLOOKUP(D5, Config!$A$2:$B$5, 2, FALSE), 0) + IFERROR(VLOOKUP(E5, Config!$D$2:$E$5, 2, FALSE), 0) + IFERROR(VLOOKUP(Respostas!G5, Config!$G$2:$H$7, 2, FALSE), 5) + IFERROR(VLOOKUP(Respostas!I5, Config!$J$2:$K$5, 2, FALSE), 0) + IF(LEN(TRIM(Respostas!J5))=0, 0, IF((LEN(TRIM(Respostas!J5))-LEN(SUBSTITUTE(TRIM(Respostas!J5)," ","")))+1>=3, 10, 0)) + IFERROR(VLOOKUP(P5, Config!$Q$2:$R$7, 2, FALSE), 3) | I5: =IF(OR(D5="Gestão ou coordenação", D5="Outro"), "C", IF(H5>=Config!$U$2, "A", IF(H5>=Config!$U$3, "B", "C"))) | K5: =IF(NOT(ISBLANK(J5)), J5, IF(M5="SIM", IF(I5="C", "B", "A"), I5)) | L5: =AND(E5="Só eu", D5="Dono ou sócio") | M5: NÃO | N5: =AND(K5="A", M5="SIM") | O5: =IFERROR(VLOOKUP(K5, Config!$T$2:$W$4, 3, FALSE), "") | P5: =Respostas!K5 | Q5: =Respostas!A5 | S5: =IF(OR(ISBLANK(R5), K5="C"), "", R5 + VLOOKUP(K5, Config!$T$2:$W$4, 4, FALSE)) | T5: =Respostas!J5
A6: =Respostas!B6 | B6: =Respostas!C6 | C6: =Respostas!D6 | D6: =Respostas!E6 | E6: =Respostas!F6 | F6: =IF(Respostas!G6="Outro", CONCATENATE("Outro (", Respostas!H6, ")"), Respostas!G6) | G6: =IFERROR(VLOOKUP(Respostas!I6, Config!$J$2:$L$5, 3, FALSE), "") | H6: =IFERROR(VLOOKUP(D6, Config!$A$2:$B$5, 2, FALSE), 0) + IFERROR(VLOOKUP(E6, Config!$D$2:$E$5, 2, FALSE), 0) + IFERROR(VLOOKUP(Respostas!G6, Config!$G$2:$H$7, 2, FALSE), 5) + IFERROR(VLOOKUP(Respostas!I6, Config!$J$2:$K$5, 2, FALSE), 0) + IF(LEN(TRIM(Respostas!J6))=0, 0, IF((LEN(TRIM(Respostas!J6))-LEN(SUBSTITUTE(TRIM(Respostas!J6)," ","")))+1>=3, 10, 0)) + IFERROR(VLOOKUP(P6, Config!$Q$2:$R$7, 2, FALSE), 3) | I6: =IF(OR(D6="Gestão ou coordenação", D6="Outro"), "C", IF(H6>=Config!$U$2, "A", IF(H6>=Config!$U$3, "B", "C"))) | K6: =IF(NOT(ISBLANK(J6)), J6, IF(M6="SIM", IF(I6="C", "B", "A"), I6)) | L6: =AND(E6="Só eu", D6="Dono ou sócio") | M6: NÃO | N6: =AND(K6="A", M6="SIM") | O6: =IFERROR(VLOOKUP(K6, Config!$T$2:$W$4, 3, FALSE), "") | P6: =Respostas!K6 | Q6: =Respostas!A6 | S6: =IF(OR(ISBLANK(R6), K6="C"), "", R6 + VLOOKUP(K6, Config!$T$2:$W$4, 4, FALSE)) | T6: =Respostas!J6
A7: =Respostas!B7 | B7: =Respostas!C7 | C7: =Respostas!D7 | D7: =Respostas!E7 | E7: =Respostas!F7 | F7: =IF(Respostas!G7="Outro", CONCATENATE("Outro (", Respostas!H7, ")"), Respostas!G7) | G7: =IFERROR(VLOOKUP(Respostas!I7, Config!$J$2:$L$5, 3, FALSE), "") | H7: =IFERROR(VLOOKUP(D7, Config!$A$2:$B$5, 2, FALSE), 0) + IFERROR(VLOOKUP(E7, Config!$D$2:$E$5, 2, FALSE), 0) + IFERROR(VLOOKUP(Respostas!G7, Config!$G$2:$H$7, 2, FALSE), 5) + IFERROR(VLOOKUP(Respostas!I7, Config!$J$2:$K$5, 2, FALSE), 0) + IF(LEN(TRIM(Respostas!J7))=0, 0, IF((LEN(TRIM(Respostas!J7))-LEN(SUBSTITUTE(TRIM(Respostas!J7)," ","")))+1>=3, 10, 0)) + IFERROR(VLOOKUP(P7, Config!$Q$2:$R$7, 2, FALSE), 3) | I7: =IF(OR(D7="Gestão ou coordenação", D7="Outro"), "C", IF(H7>=Config!$U$2, "A", IF(H7>=Config!$U$3, "B", "C"))) | K7: =IF(NOT(ISBLANK(J7)), J7, IF(M7="SIM", IF(I7="C", "B", "A"), I7)) | L7: =AND(E7="Só eu", D7="Dono ou sócio") | M7: SIM | N7: =AND(K7="A", M7="SIM") | O7: =IFERROR(VLOOKUP(K7, Config!$T$2:$W$4, 3, FALSE), "") | P7: =Respostas!K7 | Q7: =Respostas!A7 | S7: =IF(OR(ISBLANK(R7), K7="C"), "", R7 + VLOOKUP(K7, Config!$T$2:$W$4, 4, FALSE)) | T7: =Respostas!J7

Sheet Fila
A1: nome | B1: empresa | C1: whatsapp | D1: tier_final | E1: problema | F1: acao | G1: prioridade | H1: ultimo_toque | I1: proximo_toque | J1: notas
A2: =IFERROR(SORT(FILTER(CHOOSECOLS(Base!A2:T100, 1, 2, 3, 11, 7, 15, 14, 18, 19, 20), (Base!S2:S100<=TODAY())*(Base!S2:S100<>"")), 4, 1, 7, -1), "Sem contatos pendentes para hoje.")

Sheet Painel
A1: Métrica | B1: Total
A2: Total de Leads no Período | B2: =COUNTA(Base!A2:A100)
A4: Distribuição por Tier
A5: Tier A | B5: =COUNTIF(Base!K2:K100, "A")
A6: Tier B | B6: =COUNTIF(Base!K2:K100, "B")
A7: Tier C | B7: =COUNTIF(Base!K2:K100, "C")
A9: Distribuição por Trava
A10: Reconhecimento | B10: =COUNTIF(Base!G2:G100, "Reconhecimento")
A11: Receita | B11: =COUNTIF(Base!G2:G100, "Receita")
A12: Alcance | B12: =COUNTIF(Base!G2:G100, "Alcance")
A13: Cultura | B13: =COUNTIF(Base!G2:G100, "Cultura")
A15: Contatos que Responderam | B15: =COUNTIF(Base!M2:M100, "SIM")
